id;uuid;name;size;mime_type;content;content_content_type;is_processed
1;174e0694-f8b1-40e7-9340-a6e51ecae6e0;yuck loosely victoriously;251;uh-huh;../fake-data/blob/hipster.png;image/png;false
2;cce78211-d278-4f39-b2ea-9efb59ef9af2;generously;9157;unhook improve psst;../fake-data/blob/hipster.png;image/png;false
3;06f8afc3-be2c-43e4-8332-399b170a2014;a;29897;hermit;../fake-data/blob/hipster.png;image/png;false
4;1b0b961d-2cef-4d6b-97cc-b38e8193cad1;than;20197;joyfully;../fake-data/blob/hipster.png;image/png;false
5;6bc96488-4e5a-4a6b-9dac-596e8390bbec;essay invoice;29529;hollow cottage triumphantly;../fake-data/blob/hipster.png;image/png;true
6;7072e5df-8223-413c-8a13-af020126b307;thoughtfully;30291;concerning;../fake-data/blob/hipster.png;image/png;true
7;e8c678d2-2dbb-4ab3-97e8-48e391199e98;modest tremendously before;9763;intermarry decrypt um;../fake-data/blob/hipster.png;image/png;true
8;ce989e4d-66a3-4a7f-ab55-b669a7a62b08;lest below;9971;actually;../fake-data/blob/hipster.png;image/png;true
9;90104db3-7f5d-44b7-bd39-6f1b037a1cb7;mid whose;30029;justly ick blindly;../fake-data/blob/hipster.png;image/png;true
10;209d4014-8bba-40a4-9db6-cda74c4e1438;onto youthful larva;21647;dysfunction;../fake-data/blob/hipster.png;image/png;true
